,RMSE,MAE
Nelson–Siegel,0.02533321301144552,0.022242725933695102
Nelson–Siegel–Svensson,0.002657382822933091,0.0021160881102254736
Cubic spline,0.0040177059311731576,0.003254944032833451
