,mean,std,min,max
maturity_years,15.016129032258064,9.065027919581699,0.5,30.0
yield_pct,2.869354838709678,0.48106087961137844,1.95,3.31
